{
  "kmer_0123_67_w59": {
    "num_reads": 5000.0,
    "total_bases": 3252737.0,
    "mean_read_len": 650.5474,
    "median_read_len": 91.5,
    "n50": 2124.0,
    "max_read_len": 9321.0,
    "min_read_len": 1.0,
    "mean_qscore": 11.285227422134831,
    "median_qscore": 11.641124896079587,
    "q10_pass_rate": 0.7,
    "q20_pass_rate": 0.018,
    "gc_content": 0.4039241414230539
  },
  "ddp_layer8_w49": {
    "num_reads": 5000.0,
    "total_bases": 3256774.0,
    "mean_read_len": 651.3548,
    "median_read_len": 90.5,
    "n50": 2118.0,
    "max_read_len": 9283.0,
    "min_read_len": 1.0,
    "mean_qscore": 7.143816878716697,
    "median_qscore": 7.640095480228561,
    "q10_pass_rate": 0.421,
    "q20_pass_rate": 0.0006,
    "gc_content": 0.406772161654447
  },
  "1": {
    "num_reads": 5000.0,
    "total_bases": 3265320.0,
    "mean_read_len": 653.064,
    "median_read_len": 90.0,
    "n50": 2120.0,
    "max_read_len": 9375.0,
    "min_read_len": 3.0,
    "mean_qscore": 7.408277387993889,
    "median_qscore": 6.0215846720962585,
    "q10_pass_rate": 0.3812,
    "q20_pass_rate": 0.0,
    "gc_content": 0.40016904928154057
  }
}